<?xml version="1.0" encoding="UTF-8"?>
<project-private xmlns="http://www.netbeans.org/ns/project-private/1">
    <editor-bookmarks xmlns="http://www.netbeans.org/ns/editor-bookmarks/2" lastBookmarkId="0"/>
    <open-files xmlns="http://www.netbeans.org/ns/projectui-open-files/2">
        <group>
            <file>file:/C:/Users/THINKPAD/Documents/0%20CSM3503%20FRONT-END%20PROGRAMMING/GP/Labtest2/src/java/com/api/ConMan.java</file>
            <file>file:/C:/Users/THINKPAD/Documents/0%20CSM3503%20FRONT-END%20PROGRAMMING/GP/Labtest2/src/java/com/servlet/GetStaffData.java</file>
            <file>file:/C:/Users/THINKPAD/Documents/0%20CSM3503%20FRONT-END%20PROGRAMMING/GP/Labtest2/src/java/com/api/DBApi.java</file>
            <file>file:/C:/Users/THINKPAD/Documents/0%20CSM3503%20FRONT-END%20PROGRAMMING/GP/Labtest2/src/java/com/servlet/GetStaffById.java</file>
        </group>
    </open-files>
</project-private>
